001;Blue-eyes White Dragon;Monster;89631139;999,999;Dragon;Sun;Mars;8;3000;2500;[]
002;Mystical Elf;Monster;15025844;160;Spellcaster;Sun;Jupiter;4;800;2000;[Elf, Female]
003;Hitotsu-me Giant;Monster;76184692;70;Beast-Warrior;Moon;Mars;4;1200;1000;[Special-B]
004;Baby Dragon;Monster;88819587;999,999;Dragon;Uranus;Sun;3;1200;700;[]
005;Ryu-kishin;Monster;15303296;30;Fiend;Saturn;Sun;3;1000;500;[]
006;Feral Imp;Monster;41392891;140;Fiend;Moon;Jupiter;4;1300;1400;[Special-B]
007;Winged Dragon #1;Monster;87796900;999,999;Dragon;Saturn;Moon;4;1400;1200;[]
008;Mushroom Man;Monster;14181608;30;Plant;Jupiter;Sun;2;800;600;[]
009;Shadow Specter;Monster;40575313;15;Zombie;Moon;Saturn;1;500;200;[]
010;Blackland Fire Dragon;Monster;87564352;80;Dragon;Mercury;Moon;4;1500;800;[Dark Magic]
011;Sword Arm of Dragon;Monster;13069066;1,000;Dinosaur;Uranus;Moon;6;1750;2030;[Dragon]
012;Swamp Battleguard;Monster;40453765;290;Warrior;Mercury;Mars;5;1800;1500;[]
013;Tyhone;Monster;72842870;120;Winged Beast;Saturn;Venus;4;1200;1400;[]
014;Battle Steer;Monster;18246479;230;Beast-Warrior;Moon;Uranus;5;1800;1300;[]
015;Flame Swordsman;Monster;45231177;320;Warrior;Mars;Sun;5;1800;1600;[Pyro]
016;Time Wizard;Monster;71625222;999,999;Spellcaster;Venus;Sun;2;500;400;[]
017;Right Leg of the Forbidden One;Monster;08124921;999,999;Spellcaster;Mercury;Jupiter;1;200;300;[Dark Magic, Dark Spellcaster]
018;Left Leg of the Forbidden One;Monster;44519536;999,999;Spellcaster;Mercury;Saturn;1;200;300;[Dark Magic, Dark Spellcaster]
019;Right Arm of the Forbidden One;Monster;70903634;999,999;Spellcaster;Mercury;Uranus;1;200;300;[Dark Magic, Dark Spellcaster]
020;Left Arm of the Forbidden One;Monster;07902349;999,999;Spellcaster;Mercury;Pluto;1;200;300;[Dark Magic, Dark Spellcaster]
021;Exodia the Forbidden;Monster;33396948;999,999;Spellcaster;Mercury;Neptune;3;1000;1000;[Dark Magic, Dark Spellcaster]
022;Summoned Skull;Monster;70781052;999,999;Fiend;Moon;Pluto;6;2500;1200;[]
023;The Wicked Worm Beast;Monster;06285791;60;Beast;Uranus;Venus;3;1400;700;[]
024;Skull Servant;Monster;32274490;10;Zombie;Moon;Neptune;1;300;200;[]
025;Horn Imp;Monster;69669405;80;Fiend;Moon;Mercury;4;1300;1000;[Special-B]
026;Battle Ox;Monster;05053103;999,999;Beast-Warrior;Jupiter;Moon;4;1700;1000;[]
027;Beaver Warrior;Monster;32452818;140;Beast-Warrior;Jupiter;Venus;4;1200;1500;[]
028;Rock Ogre Grotto #1;Monster;68846917;999,999;Rock;Uranus;Mercury;3;800;1200;[]
029;Mountain Warrior;Monster;04931562;35;Beast-Warrior;Uranus;Mars;3;600;1000;[]
030;Zombie Warrior;Monster;31339260;60;Zombie;Moon;Mars;3;1200;900;[]
031;Koumori Dragon;Monster;67724379;140;Dragon;Moon;Jupiter;4;1500;1200;[]
032;Two-headed King Rex;Monster;94119974;160;Dinosaur;Uranus;Neptune;4;1600;1200;[]
033;Judge Man;Monster;30113682;1,000;Warrior;Sun;Saturn;6;2200;1500;[]
034;Saggi the Dark Clown;Monster;66602787;60;Spellcaster;Mercury;Moon;3;600;1500;[Dark Magic, Dark Spellcaster]
035;Dark Magician;Monster;46986414;999,999;Spellcaster;Mercury;Mars;7;2500;2100;[Dark Magic, Dark Spellcaster]
036;The Snake Hair;Monster;29491031;140;Zombie;Moon;Saturn;4;1500;1200;[]
037;Gaia the Dragon Champion;Monster;66889139;999,999;Dragon;Saturn;Mercury;7;2600;2100;[]
038;Gaia the Fierce Knight;Monster;06368038;999,999;Warrior;Mercury;Jupiter;7;2300;2100;[]
039;Curse of Dragon;Monster;28279543;999,999;Dragon;Saturn;Pluto;5;2000;1500;[]
040;Dragon Piper;Monster;55763552;55;Pyro;Mars;Moon;3;200;1800;[Jar]
041;Celtic Guardian;Monster;91152256;120;Warrior;Sun;Uranus;4;1400;1200;[Elf]
042;Illusionist Faceless Mage;Monster;28546905;320;Spellcaster;Venus;Mars;5;1200;2200;[]
043;Karbonala Warrior;Monster;54541900;140;Warrior;Uranus;Jupiter;4;1500;1200;[]
044;Rogue Doll;Monster;91939608;120;Spellcaster;Sun;Pluto;4;1600;1000;[]
045;Oscillo Hero #2;Monster;27324313;30;Thunder;Pluto;Sun;3;1000;500;[]
046;Griffore;Monster;53829412;140;;Beast;Jupiter;4;1200;1500;[Animal]
047;Torike;Monster;80813021;45;Beast;Uranus;Jupiter;3;1200;600;[Animal]
048;Sangan;Monster;26202165;35;Fiend;Moon;Uranus;3;1000;600;[Special-B]
049;Big Insect;Monster;53606874;140;Insect;Jupiter;Uranus;4;1200;1500;[]
050;Basic Insect;Monster;89091579;25;Insect;Jupiter;Pluto;2;500;700;[]
051;Armored Lizard;Monster;15480588;999,999;Reptile;Neptune;Sun;4;1500;1200;[]
052;Hercules Beetle;Monster;52584282;999,999;Insect;Jupiter;Neptune;5;1500;2000;[]
053;Killer Needle;Monster;88979991;70;Insect;Jupiter;Sun;4;1200;1000;[]
054;Gokibore;Monster;15367030;999,999;Insect;Jupiter;Moon;4;1200;1400;[]
055;Giant Flea;Monster;41762634;140;Insect;Jupiter;Venus;4;1500;1200;[]
056;Larvae Moth;Monster;87756343;999,999;Insect;Jupiter;Mercury;2;500;400;[]
057;Great Moth;Monster;14141448;999,999;Insect;Jupiter;Uranus;8;2600;2500;[]
058;Kuriboh;Monster;40640057;10;Fiend;Mercury;Saturn;1;300;200;[Special-B]
059;Mammoth Graveyard;Monster;40374923;55;Dinosaur;Mercury;Pluto;3;1200;800;[Special-B]
060;Great White;Monster;13429800;999,999;Fish;Neptune;Moon;4;1600;800;[]
061;Wolf;Monster;49417509;55;Beast;Jupiter;Pluto;3;1200;800;[Animal]
062;Harpie Lady;Monster;76812113;999,999;Winged Beast;Saturn;Neptune;4;1300;1400;[Female, Special-D]
063;Harpie Lady Sisters;Monster;12206212;999,999;Winged Beast;Saturn;Mars;6;1950;2100;[Female]
064;Tiger Axe;Monster;49791927;999,999;Beast-Warrior;Jupiter;Neptune;4;1300;1100;[]
065;Silver Fang;Monster;90357090;55;Beast;Jupiter;Sun;3;1200;800;[Animal]
066;Kojikocy;Monster;01184620;140;Warrior;Uranus;Moon;4;1500;1200;[]
067;Perfectly Ultimate Great Moth;Monster;48579379;999,999;Insect;Jupiter;Moon;8;3500;3000;[]
068;Garoozis;Monster;14977074;290;Beast-Warrior;Mars;Venus;5;1800;1500;[]
069;Thousand Dragon;Monster;41462083;999,999;Dragon;Mars;Mercury;7;2400;2000;[]
070;Fiend Kraken;Monster;77456781;120;Aqua;Neptune;Venus;4;1200;1400;[]
071;Jellyfish;Monster;14851496;140;Aqua;Neptune;Mercury;4;1200;1500;[]
072;Cocoon of Evolution;Monster;40240595;999,999;Insect;Jupiter;Venus;3;0;2000;[]
073;Kairyu-Shin;Monster;76634149;290;Sea Serpent;Neptune;Mars;5;1800;1500;[]
074;Giant Soldier of Stone;Monster;13039848;290;Rock;Uranus;Venus;3;1300;2000;[]
075;Man-eating Plant;Monster;49127943;30;Plant;Mercury;Jupiter;2;800;600;[]
076;Krokodilus;Monster;76512652;80;Reptile;Neptune;Jupiter;4;1100;1200;[]
077;Grappler;Monster;02906250;100;Reptile;Neptune;Saturn;4;1300;1200;[]
078;Axe Raider;Monster;48305365;160;Warrior;Uranus;Mercury;4;1700;1150;[]
079;Megazowler;Monster;75390004;500;Dinosaur;Uranus;Neptune;6;1800;2000;[]
080;Uraby;Monster;01784619;80;Dinosaur;Uranus;Mars;4;1500;800;[]
081;Crawling Dragon #2;Monster;38289717;160;Dinosaur;Moon;Pluto;4;1600;1200;[Dragon]
082;Red-eyes B. Dragon;Monster;74677422;999,999;Dragon;Moon;Neptune;7;2400;2000;[]
083;Castle of Dark Illusions;Monster;00062121;160;Fiend;Mercury;Uranus;4;920;1930;[Dark Magic]
084;Reaper of the Cards;Monster;33066139;290;Fiend;Moon;Pluto;5;1380;1930;[]
085;King of Yamimakai;Monster;69455834;350;Fiend;Moon;Pluto;5;2000;1530;[]
086;Barox;Monster;06840573;180;Fiend;Jupiter;Mercury;5;1380;1530;[]
087;Dark Chimera;Monster;32344688;200;Fiend;Mercury;Neptune;5;1610;1460;[]
088;Metal Guardian;Monster;68339286;290;Fiend;Moon;Mercury;5;1150;2150;[Special-B]
089;Catapult Turtle;Monster;95727991;200;Aqua;Neptune;Sun;5;1000;2000;[Turtle]
090;Gyakutenno Megami;Monster;31122090;500;Fairy;Sun;Neptune;6;1800;2000;[Female]
091;Mystic Horseman;Monster;68516705;999,999;Beast;Jupiter;Uranus;4;1300;1550;[]
092;Rabid Horseman;Monster;94905343;999,999;Beast-Warrior;Jupiter;Pluto;6;2000;1700;[]
093;Zanki;Monster;30090452;260;Warrior;Uranus;Jupiter;5;1500;1700;[]
094;Crawling Dragon;Monster;67494157;200;Dragon;Uranus;Sun;5;1600;1400;[]
095;Crass Clown;Monster;93889755;140;Fiend;Venus;Jupiter;4;1350;1400;[]
096;Armored Zombie;Monster;20277860;260;Zombie;Moon;Pluto;3;1500;0;[]
097;Dragon Zombie;Monster;66672569;200;Zombie;Moon;Pluto;3;1600;0;[Dragon]
098;Clown Zombie;Monster;92667214;140;Zombie;Moon;Pluto;2;1350;0;[]
099;Pumpking the King of Ghosts;Monster;29155212;500;Zombie;Jupiter;Neptune;6;1800;2000;[]
100;Battle Warrior;Monster;55550921;40;Warrior;Uranus;Moon;3;700;1000;[]
101;Wings of Wicked Flame;Monster;92944626;30;Pyro;Mars;Saturn;2;700;600;[]
102;Mask of Darkness;Monster;28933734;30;Fiend;Mercury;Moon;2;900;400;[Dark Magic]
103;Job-Change Mirror;Monster;55337339;999,999;Fiend;Mercury;Mars;3;800;1300;[]
104;Curtain of the Dark Ones;Monster;22026707;25;Spellcaster;Mercury;Jupiter;2;600;500;[Dark Magic, Dark Spellcaster]
105;Tomozaurus;Monster;46457856;20;Dinosaur;Uranus;Venus;2;500;400;[]
106;Spirit of the Winds;Monster;54615781;230;Spellcaster;Saturn;Sun;5;1700;1400;[]
107;Kageningen;Monster;80600490;30;Warrior;Moon;Mars;2;800;600;[]
108;Graveyard and the Hand of Invitation;Monster;27094595;35;Zombie;Moon;Pluto;3;700;900;[]
109;Goddess with the Third Eye;Monster;53493204;70;Fairy;Sun;Venus;4;1200;1000;[Female]
110;Hero of the East;Monster;89987208;60;Warrior;Uranus;Mercury;3;1100;1000;[]
111;Doma The Angel of Silence;Monster;16972957;200;Fairy;Mercury;Saturn;5;1600;1400;[]
112;That Which Feeds on Life;Monster;52367652;70;Fiend;Mercury;Uranus;4;1200;1000;[Dark Magic]
113;Dark Gray;Monster;09159938;40;Beast;Jupiter;Moon;3;800;900;[Animal]
114;White Magical Hat;Monster;15150365;40;Spellcaster;Sun;Mars;3;1000;700;[]
115;Kamion Wizard;Monster;41544074;120;Spellcaster;Mercury;Pluto;4;1300;1100;[Dark Magic, Dark Spellcaster]
116;Nightmare Scorpion;Monster;88643173;40;Insect;Uranus;Neptune;3;900;800;[]
117;Spirit of the Books;Monster;14037717;120;Winged Beast;Saturn;Moon;4;1400;1200;[]
118;Supporter in the Shadows;Monster;41422426;55;Warrior;Jupiter;Venus;3;1000;1000;[]
119;Trial of Nightmares;Monster;77827521;70;Fiend;Moon;Pluto;4;1300;900;[Special-B]
120;Dream Clown;Monster;13215230;60;Warrior;Venus;Saturn;3;1200;900;[]
121;Sleeping Lion;Monster;40200834;120;Beast;Jupiter;Sun;4;700;1700;[Animal]
122;Yamatano Dragon Scroll;Monster;76704943;25;Dragon;Saturn;Venus;2;900;300;[]
123;Dark Plant;Monster;13193642;15;Plant;Moon;Jupiter;1;300;400;[]
124;Ancient Tool;Monster;49587396;230;Machine;Moon;Saturn;5;1700;1400;[]
125;Faith Bird;Monster;75582395;120;Winged Beast;Sun;Jupiter;4;1500;1100;[Special-D]
126;Orion the Battle King;Monster;02971090;290;Fairy;Sun;Saturn;5;1800;1500;[]
127;Ansatsu;Monster;48365709;180;Warrior;Mercury;Neptune;5;1700;1200;[Dark Magic]
128;LaMoon;Monster;75850803;180;Spellcaster;Sun;Uranus;5;1200;1700;[Female]
129;Nemuriko;Monster;90963488;30;Spellcaster;Mercury;Moon;3;800;700;[Dark Magic, Dark Spellcaster, Female]
130;Weather Control;Monster;37243151;20;Fairy;Sun;Pluto;2;600;400;[Special-C]
131;Octoberser;Monster;74637266;200;Aqua;Neptune;Moon;5;1600;1400;[]
132;The 13th Grave;Monster;00032864;60;Zombie;Moon;Pluto;3;1200;900;[]
133;Charubin the Fire Knight;Monster;37421579;50;Pyro;Mars;Uranus;3;1100;800;[Warrior]
134;Mystical Capture Chain;Monster;63515678;30;Fairy;Sun;Neptune;2;700;700;[Special-C]
135;Fiend's Hand;Monster;52800428;25;Zombie;Moon;Pluto;2;600;600;[]
136;Witty Phantom;Monster;36304921;140;Fiend;Mercury;Mars;4;1400;1300;[Dark Magic]
137;Mystery Hand;Monster;62793020;20;Fiend;Moon;Uranus;2;500;500;[Special-B]
138;Dragon Statue;Monster;09197735;55;Warrior;Uranus;Mars;3;1100;900;[Dragon]
139;Blue-eyed Silver Zombie;Monster;35282433;25;Zombie;Sun;Pluto;3;900;700;[]
140;Toad Master;Monster;62671448;55;Aqua;Neptune;Venus;3;1000;1000;[]
141;Spiked Snail;Monster;98075147;55;Insect;Moon;Jupiter;3;700;1300;[]
142;Flame Manipulator;Monster;34460851;50;Spellcaster;Mars;Pluto;3;900;1000;[Pyro]
143;Necrolancer the Timelord;Monster;61454890;40;Spellcaster;Venus;Uranus;3;800;900;[]
144;Djinn the Watcher of the Wind;Monster;97843505;35;Spellcaster;Saturn;Mercury;3;700;900;[]
145;The Bewitching Phantom Thief;Monster;24348204;30;Spellcaster;Venus;Pluto;2;700;700;[]
146;Temple of Skulls;Monster;00732302;70;Zombie;Mercury;Pluto;4;900;1300;[]
147;Monster Egg;Monster;36121917;999,999;Warrior;Uranus;Jupiter;3;600;900;[Egg]
148;The Shadow Who Controls the Dark;Monster;63125616;30;;Fiend;Mercury;3;800;700;[Dark Magic]
149;Lord of the Lamp;Monster;99510761;120;Fiend;Mercury;Saturn;4;1400;1200;[Dark Magic]
150;Akihiron;Monster;36904469;230;Aqua;Neptune;Jupiter;5;1700;1400;[]
151;Rhaimundos of the Red Sword;Monster;62403074;100;Warrior;Neptune;Mars;4;1200;1300;[]
152;The Melting Red Shadow;Monster;98898173;25;Aqua;Moon;Neptune;2;500;700;[]
153;Dokuroizo the Grim Reaper;Monster;25882881;60;Zombie;Moon;Pluto;3;900;1200;[]
154;Fire Reaper;Monster;53581214;25;Zombie;Mars;Sun;2;700;500;[Pyro]
155;Larvas;Monster;94675535;45;Beast;Jupiter;Mercury;3;800;1000;[]
156;Hard Armor;Monster;1200;20060230;;Warrior;Uranus;0;3;300;[]
157;Firegrass;Monster;600;53293545;;Plant;Mars;0;2;700;[Pyro]
158;Man Eater;Monster;93553943;30;Plant;Jupiter;Uranus;2;800;600;[]
159;Dig Beak;Monster;29948642;30;Beast;Jupiter;Pluto;2;500;800;[]
160;M-warrior #1;Monster;56342351;30;Warrior;Uranus;Moon;3;1000;500;[]
161;M-warrior #2;Monster;92731455;30;Warrior;Uranus;Venus;3;500;1000;[]
162;Tainted Wisdom;Monster;28725004;55;Fiend;Moon;Mercury;3;1250;800;[Special-B]
163;Lisark;Monster;55210709;120;Beast;Saturn;Pluto;4;1300;1300;[]
164;Lord of Zemia;Monster;81618817;80;Fiend;Mercury;Uranus;4;1300;1000;[Dark Magic]
165;The Judgement Hand;Monster;28003512;60;Warrior;Sun;Venus;3;1400;700;[]
166;Mysterious Puppeteer;Monster;54098121;100;Warrior;Uranus;Mercury;4;1000;1500;[]
167;Ancient Jar;Monster;81492226;15;Rock;Uranus;Neptune;1;400;200;[Jar]
168;Darkfire Dragon;Monster;17881964;140;Dragon;Mars;Venus;4;1500;1250;[Pyro]
169;Dark King of the Abyss;Monster;53375573;55;Fiend;Mercury;Pluto;3;1200;800;[Dark Magic]
170;Spirit of the Harp;Monster;80770678;160;Fairy;Sun;Mars;4;800;2000;[]
171;Big Eye;Monster;16768387;70;Fiend;Venus;Neptune;4;1200;1000;[]
172;Armaill;Monster;53153481;55;Warrior;Mars;Mercury;3;700;1300;[Pyro]
173;Dark Prisoner;Monster;1000;89558090;;Fiend;Mercury;0;3;600;[Dark Magic]
174;Hurricail;Monster;15042735;25;Spellcaster;Saturn;Neptune;2;900;200;[]
175;Ancient Brain;Monster;42431843;40;Fiend;Mercury;Moon;3;1000;700;[Dark Magic, Special-A]
176;Fire Eye;Monster;88435542;30;Pyro;Mars;Saturn;2;800;600;[]
177;Monsturtle;Monster;15820147;45;Aqua;Neptune;Mercury;3;800;1000;[Turtle]
178;Claw Reacher;Monster;41218256;45;Fiend;Mercury;Mars;3;1000;800;[]
179;Phantom Dewan;Monster;77603950;30;Spellcaster;Mercury;Jupiter;2;700;600;[Dark Magic, Dark Spellcaster]
180;Arlownay;Monster;14708569;45;Plant;Jupiter;Neptune;3;800;1000;[Female]
181;Dark Shade;Monster;40196604;55;Fiend;Saturn;Mars;3;1000;1000;[]
182;Masked Clown;Monster;77581312;25;Warrior;Mercury;Saturn;2;500;700;[Dark Magic]
183;Lucky Trinket;Monster;03985011;30;Spellcaster;Sun;Jupiter;2;600;800;[Special-C]
184;Genin;Monster;49370026;30;Spellcaster;Venus;Sun;3;600;900;[]
185;Eyearmor;Monster;64511793;25;Warrior;Uranus;Mars;2;600;500;[]
186;Fiend Refrection #2;Monster;02863439;100;Winged Beast;Venus;Mars;4;1100;1400;[]
187;Gate Deeg;Monster;49258578;30;Beast;Moon;Mars;3;700;800;[Special-B]
188;Synchar;Monster;75646173;40;Beast;Jupiter;Sun;3;800;900;[Animal]
189;Fusionist;Monster;01641882;35;Beast;Jupiter;Moon;3;900;700;[Animal, Special-A]
190;Akakieisu;Monster;38035986;45;Spellcaster;Mercury;Uranus;3;1000;800;[Dark Magic, Dark Spellcaster]
191;LALA Li-oon;Monster;09430387;25;Thunder;Pluto;Moon;2;600;600;[]
192;Key Mace;Monster;01929294;15;Fairy;Sun;Saturn;1;400;300;[Female, Special-C]
193;Turtle Tiger;Monster;37313348;100;Aqua;Neptune;Saturn;4;1000;1500;[Turtle]
194;Terra the Terrible;Monster;63308047;100;Fiend;Moon;Jupiter;4;1200;1300;[Special-B]
195;Doron;Monster;00756652;30;Warrior;Neptune;Moon;2;900;500;[]
196;Arma Knight;Monster;36151751;70;Aqua;Neptune;Venus;4;1000;1200;[]
197;Mech Mole Zombie;Monster;63545455;20;Zombie;Moon;Saturn;2;500;400;[]
198;Happy Lover;Monster;99030164;30;Fairy;Sun;Uranus;2;800;500;[Special-A]
199;Penguin Knight;Monster;36039163;40;Aqua;Uranus;Mercury;3;900;800;[]
200;Petit Dragon;Monster;75356564;30;Dragon;Saturn;Sun;2;600;700;[]
201;Frenzied Panda;Monster;98818516;70;Beast;Jupiter;Venus;4;1200;1000;[Animal]
202;Air Marmot of Nefariousness;Monster;75889523;20;Beast;Mon;Uranus;2;400;600;[Animal, Special-B]
203;Phantom Ghost;Monster;800;61201220;;Zombie;Moon;0;2;600;[]
204;Mabarrel;Monster;98795934;230;Fiend;Moon;Neptune;5;1700;1400;[]
205;Dorover;Monster;24194033;40;Aqua;Neptune;Sun;3;900;800;[]
206;Twin Long Rods #1;Monster;60589682;35;Aqua;Moon;Mercury;3;900;700;[]
207;Droll Bird;Monster;97973387;25;Winged Beast;Saturn;Moon;2;600;500;[]
208;Petit Angel;Monster;38142739;30;Fairy;Sun;Pluto;3;600;900;[Special-A]
209;Winged Cleaver;Monster;39175982;30;Insect;Jupiter;Mercury;2;700;700;[]
210;Hinotama Soul;Monster;96851799;25;Pyro;Mars;Uranus;2;600;500;[]
211;Kaminarikozou;Monster;15510988;30;Thunder;Pluto;Venus;2;700;600;[]
212;Meotoko;Monster;53832650;30;Beast;Moon;Mars;2;700;600;[Special-B]
213;Aqua Madoor;Monster;85639257;250;Spellcaster;Neptune;Mercury;4;1200;2000;[]
214;Kagemusha of the Blue Flame;Monster;15401633;25;Warrior;Mars;Sun;2;800;400;[Pyro]
215;Flame Ghost;Monster;58528964;45;Zombie;Mars;Pluto;3;1000;800;[Pyro]
216;Dryad;Monster;84916669;120;Spellcaster;Jupiter;Uranus;4;1200;1400;[Female]
217;B. Skull Dragon;Monster;11901678;999,999;Dragon;Moon;Jupiter;9;3200;2500;[]
218;Two-mouth Darkruler;Monster;57305373;35;Dinosaur;Moon;Saturn;3;900;700;[]
219;Solitude;Monster;84794011;55;Beast-Warrior;Moon;Uranus;3;1050;1000;[Special-B]
220;Masked Sorcerer;Monster;10189126;80;Spellcaster;Mercury;Neptune;4;900;1400;[]
221;Kumootoko;Monster;56283725;60;Insect;Jupiter;Pluto;3;700;1400;[]
222;Midnight Fiend;Monster;83678433;30;Fiend;Moon;Neptune;2;800;600;[Special-B]
223;Roaring Ocean Snake;Monster;19066538;550;Aqua;Neptune;Mars;6;2100;1800;[]
224;Trap Master;Monster;46461247;35;Warrior;Mercury;Moon;3;500;1100;[]
225;Fiend Sword;Monster;22855882;70;Warrior;Moon;Mercury;4;1400;800;[]
226;Skull Stalker;Monster;54844990;40;Warrior;Moon;Mars;3;900;800;[]
227;Hitodenchak;Monster;46718686;30;Aqua;Neptune;Mars;2;600;700;[]
228;Wood Remains;Monster;17733394;50;Zombie;Jupiter;Neptune;3;1000;900;[]
229;Hourglass of Life;Monster;08783685;30;Fairy;Sun;Neptune;2;700;600;[Special-C]
230;Rare Fish;Monster;80516007;140;Fish;Neptune;Jupiter;4;1500;1200;[]
231;Wood Clown;Monster;17511156;55;Warrior;Mercury;Mars;3;800;1200;[Dark Magic]
232;Madjinn Gunn;Monster;43905751;30;Fiend;Moon;Jupiter;2;600;800;[Special-B]
233;Dark Titan of Terror;Monster;89494469;120;Fiend;Mercury;Jupiter;4;1300;1100;[Dark Magic]
234;Beautiful Headhuntress;Monster;16899564;120;Warrior;Mercury;Saturn;4;1600;800;[Dark Magic, Female]
235;Wodan the Resident of the Forest;Monster;42883273;999,999;Warrior;Jupiter;Sun;3;900;1200;[]
236;Guardian of the Labyrinth;Monster;89272878;70;Warrior;Pluto;Mercury;4;1000;1200;[Dark Magic]
237;Haniwa;Monster;84285623;20;Rock;Uranus;Jupiter;2;500;500;[]
238;Yashinoki;Monster;41061625;30;Plant;Jupiter;Moon;2;800;600;[]
239;Vishwar Randi;Monster;78556320;35;Warrior;Mercury;Uranus;3;900;700;[Dark Magic, Female]
240;The Drdek;Monster;08944575;30;Fiend;Moon;Saturn;3;700;800;[Special-B]
241;Dark Assailant;Monster;41949033;120;Zombie;Moon;Uranus;4;1200;1200;[]
242;Candle of Fate;Monster;600;47695416;;Fiend;Mars;0;2;600;[Pyro]
243;Water Element;Monster;03732747;35;Aqua;Neptune;Saturn;3;900;700;[Female]
244;Dissolverock;Monster;40826495;50;Rock;Mars;Venus;3;900;1000;[Pyro]
245;Meda Bat;Monster;76211194;25;Fiend;Moon;Neptune;2;800;400;[Special-B]
246;One Who Hunts Souls;Monster;03606209;60;Beast-Warrior;Moon;Mercury;4;1100;1000;[]
247;Root Water;Monster;800;39004808;;Fish;Neptune;0;3;900;[]
248;Master & Expert;Monster;75499502;70;Beast;Jupiter;Venus;4;1200;1000;[Animal]
249;Water Omotics;Monster;02483611;120;Aqua;Neptune;Moon;4;1400;1200;[Female]
250;Hyo;Monster;38982356;55;Warrior;Neptune;Mercury;3;800;1200;[]
251;Enchanting Mermaid;Monster;75376965;60;Fish;Neptune;Venus;3;1200;900;[Female]
252;Nekogal #1;Monster;01761063;999,999;Beast;Jupiter;Mercury;3;1100;900;[]
253;Angelwitch;Monster;37160778;45;Spellcaster;Mercury;Neptune;3;800;1000;[Dark Magic, Dark Spellcaster, Female, Special-A]
254;Embryonic Beast;Monster;64154377;25;Fiend;Moon;Mars;2;500;750;[Special-B]
255;Prevent Rat;Monster;00549481;100;Beast;Jupiter;Uranus;4;500;2000;[Animal]
256;Dimensional Warrior;Monster;37043180;70;Warrior;Venus;Mars;4;1200;1000;[]
257;Stone Armadiller;Monster;63432835;55;Rock;Uranus;Sun;3;800;1200;[]
258;Beastking of the Swamps;Monster;99426834;60;Aqua;Uranus;Mercury;4;1000;1100;[]
259;Ancient Sorcerer;Monster;36821538;80;Spellcaster;Moon;Mercury;4;1000;1300;[]
260;Lunar Queen Elzaim;Monster;62210247;45;Fairy;Moon;Venus;3;750;1100;[Female, Special-A, Special-C]
261;Wicked Mirror;Monster;15150371;30;Fiend;Venus;Jupiter;2;700;600;[]
262;The Little Swordsman of Aile;Monster;25109950;60;Warrior;Mars;Neptune;3;800;1300;[]
263;Rock Ogre Grotto #2;Monster;62193699;60;Rock;Uranus;Sun;3;700;1400;[]
264;Wing Egg Elf;Monster;98582704;45;Fairy;Sun;Mars;3;500;1300;[Elf, Special-A, Egg]
265;The Furious Sea King;Monster;18710707;30;Aqua;Neptune;Jupiter;3;800;700;[]
266;Princess of Tsurugi;Monster;51371017;35;Warrior;Saturn;Venus;3;900;700;[Female]
267;Unknown Warrior of Fiend;Monster;97360116;30;Warrior;Mercury;Mars;3;1000;500;[Dark Magic]
268;Sectarian of Secrets;Monster;15507080;25;Spellcaster;Mercury;Jupiter;2;700;500;[Dark Magic, Dark Spellcaster]
269;Versago the Destroyer;Monster;50259460;55;Fiend;Mercury;Saturn;3;1100;900;[Dark Magic]
270;Wetha;Monster;96643568;50;Aqua;Neptune;Saturn;3;1000;900;[]
271;Megirus Light;Monster;23032273;30;Fiend;Mercury;Uranus;3;900;600;[Dark Magic]
272;Mavelus;Monster;59036972;70;Winged Beast;Mars;Mercury;4;1300;900;[Pyro, Special-D]
273;Ancient Tree of Enlightenment;Monster;86421986;60;Plant;Jupiter;Pluto;3;600;1500;[]
274;Green Phantom King;Monster;22910685;60;Plant;Jupiter;Neptune;3;500;1600;[]
275;Ground Attacker Bugroth;Monster;58314394;100;Machine;Uranus;Moon;4;1500;1000;[]
276;Ray & Temperature;Monster;85309439;55;Fairy;Sun;Saturn;3;1000;1000;[]
277;Gorgon Egg;Monster;11793047;35;Fiend;Moon;Jupiter;3;300;1300;[Special-B, Egg]
278;Petit Moth;Monster;58192742;10;Insect;Jupiter;Sun;1;300;200;[]
279;King Fog;Monster;84686841;50;Fiend;Mercury;Neptune;3;1000;900;[Dark Magic]
280;Protector of the Throne;Monster;10071456;80;Warrior;Uranus;Venus;4;800;1500;[Female]
281;Mystic Clown;Monster;47060154;100;Fiend;Mercury;Moon;4;1500;1000;[]
282;Mystical Sheep #2;Monster;83464209;45;Beast;Venus;Saturn;3;800;1000;[Animal]
283;Holograh;Monster;10859908;45;Machine;Sun;Jupiter;3;1100;700;[]
284;Tao the Chanter;Monster;46247516;999,999;Spellcaster;Venus;Uranus;3;1200;900;[]
285;Serpent Marauder;Monster;82742611;30;Reptile;Sun;Neptune;2;700;600;[]
286;Gatekeeper;Monster;19737320;290;Machine;Mercury;Mars;5;1500;1800;[]
287;Ogre of the Black Shadow;Monster;45121025;120;Beast-Warrior;Moon;Saturn;4;1200;1400;[]
288;Dark Artist;Monster;72520073;999,999;Fiend;Mercury;Jupiter;3;600;1400;[]
289;Change Slime;Monster;18914778;15;Aqua;Neptune;Moon;1;400;300;[]
290;Moon Envoy;Monster;45909477;60;Warrior;Moon;Saturn;4;1100;1000;[]
291;Fireyarou;Monster;71407486;80;Pyro;Mars;Saturn;4;1300;1000;[]
292;Psychic Kappa;Monster;07892180;30;Aqua;Neptune;Venus;2;400;1000;[]
293;Masaki the Legendary Swordsman;Monster;44287299;70;Warrior;Sun;Uranus;4;1100;1100;[]
294;Dragoness the Wicked Knight;Monster;70681994;60;Warrior;Saturn;Mercury;3;1200;900;[]
295;Bio Plant;Monster;07670542;50;Fiend;Jupiter;Moon;3;600;1300;[]
296;One-eyed Shield Dragon;Monster;33064647;55;Dragon;Saturn;Pluto;3;700;1300;[]
297;Cyber Soldier of Darkworld;Monster;75559356;120;Machine;Moon;Uranus;4;1400;1200;[]
298;Wicked Dragon with the Ersatz Head;Monster;02957055;45;Dragon;Moon;Neptune;3;900;900;[Special-B]
299;Sonic Maid;Monster;38942059;999,999;Warrior;Sun;Pluto;3;1200;900;[Female]
300;Kurama;Monster;85705804;35;Winged Beast;Saturn;Neptune;3;800;800;[]
301;Legendary Sword;Equip;61854111;800
302;Sword of Dark Destruction;Equip;37120512;800
303;Dark Energy;Equip;04614116;800
304;Axe of Despair;Equip;40619825;800
305;Laser Cannon Armor;Equip;77007920;800
306;Insect Armor with Laser Cannon;Equip;03492538;800
307;Elf's Light;Equip;39897277;800
308;Beast Fangs;Equip;46009906;800
309;Steel Shell;Equip;02370081;800
310;Vile Germs;Equip;39774685;800
311;Black Pendant;Equip;65169794;800
312;Silver Bow and Arrow;Equip;01557499;800
313;Horn of Light;Equip;38552107;800
314;Horn of the Unicorn;Equip;64047146;800
315;Dragon Treasure;Equip;01435851;800
316;Electro-whip;Equip;37820550;800
317;Cyber Shield;Equip;63224564;800
318;Elegant Egotist;Equip;90219263;999,999
319;Mystical Moon;Equip;36607978;800
320;Stop Defense;Magic;63102017;800
321;Malevolent Nuzzler;Equip;99597615;800
322;Violet Crystal;Equip;15052462;800
323;Book of Secret Arts;Equip;91595718;800
324;Invigoration;Equip;98374133;800
325;Machine Conversion Factory;Equip;25769732;999,999
326;Raise Body Heat;Equip;51267887;800
327;Follow Wind;Equip;98252586;800
328;Power of Kaishin;Equip;77027445;800
329;Dragon Capture Jar;Magic;50045299;999,999
330;Forest;Field;87430998;55
331;Wasteland;Field;23424603;55
332;Mountain;Field;50913601;55
333;Sogen;Field;86318356;55
334;Umi;Field;22702055;55
335;Yami;Field;59197169;55
336;Dark Hole;Magic;53129443;20,000
337;Raigeki;Magic;12580477;999,999
338;Mooyan Curry;Magic;58074572;999,999
339;Red Medicine;Magic;38199696;55
340;Goblin's Secret Remedy;Magic;11868825;20,000
341;Soul of the Pure;Magic;47852924;35,000
342;Dian Keto the Cure Master;Magic;84257639;999,999
343;Sparks;Magic;76103675;10
344;Hinotama;Magic;46130346;55
345;Final Flame;Magic;73134081;20,000
346;Ookazi;Magic;19523799;35,000
347;Tremendous Fire;Magic;46918794;999,999
348;Swords of Revealing Light;Magic;72302403;999,999
349;Spellbinding Circle;Magic;18807108;999,999
350;Dark-piercing Light;Magic;45895206;999,999
351;Yaranzo;Monster;71280811;160;Zombie;Moon;Mercury;4;1300;1500;[]
352;Kanan the Swordmistress;Monster;12829151;160;Warrior;Uranus;Neptune;4;1400;1400;[Female]
353;Takriminos;Monster;44073668;140;Sea Serpent;Neptune;Mercury;4;1500;1200;[]
354;Stuffed Animal;Monster;71068263;60;Warrior;Moon;Mars;3;1200;900;[]
355;Megasonic Eye;Monster;07562372;290;Machine;Moon;Jupiter;5;1500;1800;[]
356;Super War-lion;Monster;No Password;No Cost;Beast;Jupiter;Venus;7;2300;2100;[]
357;Yamadron;Monster;70345785;320;Dragon;Mars;Uranus;5;1600;1800;[]
358;Seiyaryu;Monster;06740720;1,700;Dragon;Sun;Neptune;7;2500;2300;[]
359;Three-legged Zombies;Monster;33734439;50;Zombie;Moon;Pluto;3;1100;800;[]
360;Zera the Mant;Monster;No Password;No Cost;Fiend;Moon;Saturn;8;2800;2300;[]
361;Flying Penguin;Monster;05628232;70;Aqua;Neptune;Jupiter;4;1200;1000;[]
362;Millennium Shield;Monster;32012841;200;Warrior;Uranus;Mars;5;0;3000;[]
363;Fairy's Gift;Monster;68401546;120;Spellcaster;Jupiter;Mercury;4;1400;1000;[]
364;Black Luster Soldier;Monster;No Password;No Cost;Warrior;Moon;Uranus;8;3000;2500;[]
365;Fiend's Mirror;Monster;No Password;No Cost;Fiend;Venus;Pluto;6;2100;1800;[]
366;Labyrinth Wall;Monster;67284908;200;Rock;Uranus;Jupiter;5;0;3000;[]
367;Jirai Gumo;Monster;94773007;80;Insect;Jupiter;Uranus;4;2200;100;[]
368;Shadow Ghoul;Monster;30778711;180;Zombie;Moon;Pluto;5;1600;1300;[]
369;Wall Shadow;Monster;63162310;999,999;Warrior;Moon;Neptune;7;1600;3000;[]
370;Labyrinth Tank;Monster;99551425;999,999;Machine;Moon;Mercury;7;2400;2400;[]
371;Sanga of the Thunder;Monster;25955164;999,999;Thunder;Pluto;Mars;7;2600;2200;[]
372;Kazejin;Monster;62340868;999,999;Spellcaster;Saturn;Mars;7;2400;2200;[]
373;Suijin;Monster;98434877;999,999;Aqua;Neptune;Saturn;7;2500;2400;[]
374;Gate Guardian;Monster;No Password;No Cost;Warrior;Moon;Mars;11;3750;3400;[]
375;Dungeon Worm;Monster;51228280;290;Insect;Uranus;Moon;5;1800;1500;[]
376;Monster Tamer;Monster;97612389;320;Warrior;Jupiter;Pluto;5;1800;1600;[]
377;Ryu-kishin Powered;Monster;24611934;160;Fiend;Moon;Jupiter;4;1600;1200;[]
378;Swordstalker;Monster;50005633;400;Warrior;Moon;Saturn;6;2000;1600;[]
379;La Jinn the Mystical Genie;Monster;97590747;160;Fiend;Mercury;Saturn;4;1800;1000;[]
380;Blue-eyes Ultimate Dragon;Monster;No Password;No Cost;Dragon;Sun;Venus;12;4500;3800;[]
381;Toon Alligator;Monster;59383041;120;Reptile;Neptune;Mars;4;800;1600;[]
382;Rude Kaiser;Monster;26378150;320;Beast-Warrior;Uranus;Sun;5;1800;1600;[]
383;Parrot Dragon;Monster;62762898;290;Dragon;Saturn;Sun;5;2000;1300;[]
384;Dark Rabbit;Monster;99261403;120;Beast;Moon;Uranus;4;1100;1500;[Special-B]
385;Bickuribox;Monster;25655502;900;Fiend;Moon;Neptune;7;2300;2000;[]
386;Harpie's Pet Dragon;Monster;52040216;999,999;Dragon;Saturn;Moon;7;2000;2500;[]
387;Mystic Lamp;Monster;98049915;15;Spellcaster;mercury;Uranus;1;400;300;[Dark Magic, Dark Spellcaster]
388;Pendulum Machine;Monster;24433920;1,000;Machine;Mercury;Neptune;6;1750;2000;[]
389;Giltia the D. Knight;Monster;51828629;290;Warrior;Sun;Mars;5;1850;1500;[]
390;Launcher Spider;Monster;87322377;999,999;Machine;Mars;Pluto;7;2200;2500;[]
391;Zoa;Monster;24311372;999,999;Fiend;Moon;Mercury;7;2600;1900;[]
392;Metalzoa;Monster;50705071;999,999;Machine;Moon;Mars;8;3000;2300;[]
393;Zone Eater;Monster;86100785;10;Aqua;Sun;Neptune;1;250;200;[]
394;Steel Scorpion;Monster;13599884;10;Machine;Jupiter;Neptune;1;250;300;[]
395;Dancing Elf;Monster;59983499;10;Fairy;Jupiter;Sun;1;300;200;[Elf, Female, Special-A]
396;Ocubeam;Monster;86088138;260;Fairy;Saturn;Venus;5;1550;1650;[Special-A]
397;Leghul;Monster;12472242;15;Insect;Jupiter;Moon;1;300;350;[]
398;Ooguchi;Monster;250;58861941;;Aqua;Neptune;0;1;300;[]
399;Swordsman from a Foreign Land;Monster;85255550;10;Warrior;Uranus;Venus;1;250;250;[]
400;Emperor of the Land and Sea;Monster;11250655;290;Reptile;Neptune;Venus;5;1800;1500;[]
401;Ushi Oni;Monster;48649353;700;Fiend;Jupiter;Venus;6;2150;1950;[]
402;Monster Eye;Monster;84133008;15;Fiend;Moon;Jupiter;1;250;300;[]
403;Leogun;Monster;10538007;290;Beast;Uranus;Mercury;5;1750;1550;[Animal]
404;Tatsunootoshigo;Monster;47922711;180;Beast;Neptune;Mercury;5;1350;1600;[]
405;Saber Slasher;Monster;73911410;180;Machine;Moon;Saturn;5;1450;1500;[]
406;Yaiba Robo;Monster;10315429;80;Machine;Moon;Uranus;4;1000;1300;[]
407;Machine King;Monster;46700124;800;Machine;Mars;Sun;6;2200;2000;[]
408;Giant Mech-soldier;Monster;72299832;400;Machine;Moon;Neptune;6;1750;1900;[]
409;Metal Dragon;Monster;1700;09293977;;Machine;Mars;0;6;1850;[Dragon, Pyro]
410;Mechanical Spider;Monster;45688586;20;Machine;Jupiter;Mercury;2;400;500;[]
411;Bat;Monster;350;72076281;;Machine;Moon;0;1;300;[]
412;Giga-Tech Wolf;Monster;1400;08471389;;Machine;Jupiter;0;4;1200;[]
413;Cyber Soldier;Monster;44865098;260;Machine;Moon;Mars;5;1500;1700;[]
414;Shovel Crusher;Monster;71950093;60;Machine;Uranus;Neptune;3;900;1200;[]
415;Mechanicalchacer;Monster;07359741;120;Machine;Moon;Jupiter;4;1850;800;[]
416;Blocker;Monster;34743446;120;Machine;Moon;Saturn;4;850;1800;[]
417;Blast Juggler;Monster;70138455;40;Machine;Mars;Venus;3;800;900;[Pyro]
418;Golgoil;Monster;07526150;100;Machine;Venus;Neptune;4;900;1600;[]
419;Giganto;Monster;33621868;350;Machine;Moon;Uranus;5;1700;1800;[]
420;Cyber-Stein;Monster;69015963;25;Machine;Moon;Neptune;2;700;500;[]
421;Cyber Commander;Monster;700;06400512;;Machine;Moon;0;2;750;[]
422;Jinzo #7;Monster;400;32809211;;Machine;Moon;0;2;500;[]
423;Dice Armadillo;Monster;69893315;320;Machine;Jupiter;Pluto;5;1650;1800;[]
424;Sky Dragon;Monster;95288024;1,000;Dragon;Saturn;Uranus;6;1900;1800;[]
425;Thunder Dragon;Monster;31786629;230;Thunder;Pluto;Jupiter;5;1600;1500;[Dragon]
426;Stone D.;Monster;68171737;900;Rock;Uranus;Mars;7;2000;2300;[Dragon]
427;Kaiser Dragon;Monster;94566432;900;Dragon;Sun;Jupiter;7;2300;2000;[]
428;Magician of Faith;Monster;31560081;999,999;Spellcaster;Sun;Saturn;1;300;400;[Female, Special-C]
429;Goddess of Whim;Monster;67959180;999,999;Fairy;Sun;Uranus;3;950;700;[Female]
430;Water Magician;Monster;93343894;120;Spellcaster;Neptune;Mercury;4;1400;1000;[Female]
431;Ice Water;Monster;20848593;55;Aqua;Neptune;Moon;3;1150;900;[Female]
432;Waterdragon Fairy;Monster;66836598;45;Aqua;Neptune;Venus;3;1100;700;[Female]
433;Ancient Elf;Monster;93221206;120;Spellcaster;Sun;Pluto;4;1450;1200;[Elf, Female]
434;Beautiful Beast Trainer;Monster;29616941;260;Warrior;Jupiter;Neptune;5;1750;1500;[Female]
435;Water Girl;Monster;55014050;70;Aqua;Neptune;Venus;4;1250;1000;[Female]
436;White Dolphin;Monster;92409659;50;Fish;Neptune;Jupiter;2;500;400;[]
437;Deepsea Shark;Monster;28593363;350;Fish;Neptune;Mars;5;1900;1600;[]
438;Metal Fish;Monster;55998462;350;Machine;Neptune;Saturn;5;1600;1900;[]
439;Bottom Dweller;Monster;1700;81386177;;Fish;Neptune;0;5;1650;[]
440;7 Colored Fish;Monster;23771716;120;Fish;Neptune;Sun;4;1800;800;[]
441;Mech Bass;Monster;50176820;290;Machine;Neptune;Venus;5;1800;1500;[]
442;Aqua Dragon;Monster;86164529;700;Sea Serpent;Neptune;Moon;6;2250;1900;[Dragon]
443;Sea King Dragon;Monster;23659124;1,000;Sea Serpent;Neptune;Mercury;6;2000;1700;[Dragon, Turtle]
444;Turu-Purun;Monster;59053232;20;Aqua;Neptune;Jupiter;2;450;500;[]
445;Guardian of the Sea;Monster;85448931;80;Aqua;Neptune;Mars;4;1300;1000;[]
446;Aqua Snake;Monster;12436646;50;Aqua;Neptune;Saturn;3;1050;900;[]
447;Giant Red Seasnake;Monster;58831685;120;Aqua;Neptune;Sun;4;1800;800;[]
448;Spike Seadra;Monster;1300;85326399;Sea;Serpent;Pluto;0;5;1600;[Dragon]
449;30,000-Year White Turtle;Monster;2100;11714098;;Aqua;Neptune;0;5;1250;[Turtle]
450;Kappa Avenger;Monster;48109103;60;Aqua;Neptune;Venus;3;1200;900;[]
451;Kanikabuto;Monster;84103702;30;Aqua;Neptune;Saturn;3;650;900;[]
452;Zarigun;Monster;10598400;30;Aqua;Neptune;Mercury;2;600;700;[]
453;Millennium Golem;Monster;47986555;800;Rock;Uranus;Jupiter;6;2000;2200;[]
454;Destroyer Golem;Monster;73481154;100;Rock;Uranus;Sun;4;1500;1000;[]
455;Barrel Rock;Monster;10476868;80;Rock;Uranus;Moon;4;1000;1300;[]
456;Minomushi Warrior;Monster;46864967;100;Warrior;Uranus;Venus;4;1300;1200;[]
457;Stone Ghost;Monster;72269672;70;Rock;Uranus;Mercury;4;1200;1000;[]
458;Kaminari Attack;Monster;09653271;290;Thunder;Pluto;Venus;5;1900;1400;[]
459;Tripwire Beast;Monster;45042329;100;Thunder;Pluto;Saturn;4;1200;1300;[]
460;Bolt Escargot;Monster;12146024;180;Thunder;Pluto;Jupiter;5;1400;1500;[]
461;Bolt Penguin;Monster;48531733;50;Thunder;Pluto;Moon;3;1100;800;[]
462;The Immortal of Thunder;Monster;84926738;160;Thunder;Pluto;Sun;4;1500;1300;[]
463;Electric Snake;Monster;11324436;40;;Thunder;Pluto;3;800;900;[]
464;Wing Eagle;Monster;1500;47319141;Winged;Beast;Saturn;0;5;1800;[]
465;Punished Eagle;Monster;74703140;550;Winged Beast;Saturn;Pluto;6;2100;1800;[Special-D]
466;Skull Red Bird;Monster;10202894;140;Winged Beast;Saturn;Sun;4;1550;1200;[Special-D]
467;Crimson Sunbird;Monster;46696593;700;Winged Beast;Mars;Mercury;6;2300;1800;[]
468;Queen Bird;Monster;73081602;260;Winged Beast;Saturn;Moon;5;1200;2000;[]
469;Armed Ninja;Monster;09076207;15;Warrior;Neptune;Mars;1;300;300;[]
470;Magical Ghost;Monster;46474915;10;Zombie;Moon;Pluto;4;1300;1400;[]
471;Soul Hunter;Monster;72869010;800;Fiend;Moon;Jupiter;6;2200;1800;[]
472;Air Eater;Monster;08353769;1,000;Fiend;Moon;Saturn;6;2100;1600;[]
473;Vermillion Sparrow;Monster;35752363;320;Pyro;Mars;Pluto;5;1900;1500;[]
474;Sea Kamen;Monster;71746462;120;Aqua;Neptune;Sun;4;1100;1300;[]
475;Sinister Serpent;Monster;08131171;10;Reptile;Neptune;Jupiter;1;300;250;[]
476;Ganigumo;Monster;34536276;30;Insect;Jupiter;Sun;2;600;800;[]
477;Alinsection;Monster;70924884;35;Insect;Jupiter;Moon;3;950;700;[]
478;Insect Soldiers of the Sky;Monster;07019529;45;Insect;Saturn;Neptune;3;1000;800;[]
479;Cockroach Knight;Monster;33413638;999,999;Insect;Jupiter;Venus;3;800;900;[]
480;Kuwagata alpha;Monster;60802233;70;Insect;Jupiter;Mercury;4;1250;1000;[]
481;Burglar;Monster;06297941;35;Beast;Jupiter;Uranus;3;850;800;[Animal]
482;Pragtical;Monster;33691040;320;Dinosaur;Uranus;Neptune;5;1900;1500;[]
483;Garvas;Monster;69780745;1,000;Beast;Jupiter;Pluto;6;2000;1700;[Animal]
484;Ameba;Monster;95174353;15;Aqua;Neptune;Moon;1;300;350;[]
485;Korogashi;Monster;32569498;20;Insect;Jupiter;Neptune;2;550;400;[]
486;Boo Koo;Monster;68963107;25;Spellcaster;Sun;Jupiter;2;650;500;[Special-C]
487;Flower Wolf;Monster;95952802;260;Beast;Jupiter;Sun;5;1800;1400;[Animal]
488;Rainbow Flower;Monster;21347810;20;Plant;Jupiter;Moon;2;400;500;[]
489;Barrel Lily;Monster;67841515;40;Plant;Jupiter;Venus;3;1100;600;[]
490;Needle Ball;Monster;94230224;30;Fiend;Moon;Uranus;2;750;700;[Special-B]
491;Peacock;Monster;20624263;260;Winged Beast;Jupiter;Mercury;5;1700;1500;[Special-D]
492;Hoshiningen;Monster;67629977;25;Fairy;Sun;Neptune;2;500;700;[Special-C]
493;Maha Vailo;Monster;93013676;180;Spellcaster;Sun;Venus;6;1550;1400;[]
494;Rainbow Marine Mermaid;Monster;29402771;260;Fish;Neptune;Venus;5;1550;1700;[]
495;Musician King;Monster;56907389;260;Spellcaster;Sun;Mars;5;1750;1500;[]
496;Wilmee;Monster;92391084;70;Beast;Jupiter;Uranus;4;1000;1200;[]
497;Yado Karu;Monster;29380133;120;Aqua;Neptune;Mercury;4;900;1700;[]
498;Morinphen;Monster;55784832;160;Fiend;Moon;Neptune;5;1550;1300;[]
499;Kattapillar;Monster;81179446;999,999;Insect;Jupiter;Neptune;1;250;300;[]
500;Dragon Seeker;Monster;28563545;700;Fiend;Moon;Mercury;6;2100;2000;[]
501;Man-eater Bug;Monster;54652250;20;Insect;Jupiter;Pluto;2;450;600;[]
502;D. Human;Monster;81057959;120;Warrior;Uranus;Mars;4;1300;1100;[]
503;Turtle Raccoon;Monster;17441953;35;Aqua;Jupiter;Sun;3;700;900;[Turtle]
504;Fungi of the Musk;Monster;53830602;15;Fiend;Jupiter;Moon;1;400;300;[]
505;Prisman;Monster;80234301;45;Rock;Uranus;Jupiter;3;800;1000;[]
506;Gale Dogra;Monster;16229315;25;Insect;Jupiter;Venus;2;650;600;[]
507;Crazy Fish;Monster;53713014;160;Fish;Neptune;Jupiter;4;1600;1200;[]
508;Cyber Saurus;Monster;89112729;260;Machine;Uranus;Sun;5;1800;1400;[]
509;Bracchio-raidus;Monster;16507828;800;Dinosaur;Uranus;Moon;6;2200;2000;[]
510;Laughing Flower;Monster;42591472;30;Plant;Jupiter;Mercury;2;900;500;[]
511;Bean Soldier;Monster;84990171;140;Plant;Jupiter;Uranus;4;1400;1300;[]
512;Cannon Soldier;Monster;1300;11384280;;Machine;Moon;0;4;1400;[]
513;Guardian of the Throne Room;Monster;47879985;260;Machine;Sun;Saturn;5;1650;1600;[]
514;Brave Scizzar;Monster;74277583;80;Machine;Moon;Jupiter;4;1300;1000;[]
515;The Statue of Easter Island;Monster;10262698;100;Rock;Uranus;Venus;4;1100;1400;[]
516;Muka Muka;Monster;46657337;20;Insect;Uranus;Mercury;2;600;300;[]
517;Sand Stone;Monster;73051941;180;Rock;Uranus;Mars;5;1300;1600;[]
518;Boulder Tortoise;Monster;09540040;400;Aqua;Uranus;Neptune;6;1450;2200;[Turtle]
519;Fire Kraken;Monster;46534755;230;Aqua;Mars;Saturn;5;1600;1500;[Pyro]
520;Turtle Bird;Monster;72929454;400;Aqua;Saturn;Mars;6;1900;1700;[Turtle]
521;Skullbird;Monster;08327462;400;Winged Beast;Saturn;Venus;6;1900;1700;[]
522;Monstrous Bird;Monster;35712107;550;Winged Beast;Saturn;Mercury;6;2000;1900;[Special-D]
523;The Bistro Butcher;Monster;71107816;160;Fiend;Moon;Saturn;4;1800;1000;[]
524;Star Boy;Monster;08201910;20;Aqua;Neptune;Mars;2;550;500;[]
525;Spirit of the Mountain;Monster;34690519;230;Spellcaster;Uranus;Jupiter;5;1300;1800;[]
526;Neck Hunter;Monster;70084224;400;Fiend;Moon;Uranus;6;1750;1900;[]
527;Milus Radiant;Monster;07489323;10;Beast;Jupiter;Neptune;1;300;250;[Animal]
528;Togex;Monster;33878931;320;Beast;Uranus;Sun;5;1600;1800;[]
529;Flame Cerebrus;Monster;60862676;550;Pyro;Mars;Pluto;6;2100;1800;[]
530;Eldeen;Monster;06367785;50;Spellcaster;Mercury;Moon;3;950;1000;[Dark Magic, Dark Spellcaster, Female]
531;Mystical Sand;Monster;1700;32751480;;Rock;Mercury;0;6;2100;[Female]
532;Gemini Elf;Monster;69140098;160;Spellcaster;Sun;Uranus;4;1900;900;[Elf, Female]
533;Kwagar Hercules;Monster;95144193;400;Insect;Jupiter;Sun;6;1900;1700;[]
534;Minar;Monster;32539892;35;Insect;Moon;Neptune;3;800;750;[]
535;Kamakiriman;Monster;68928540;100;Insect;Jupiter;Moon;4;1150;1400;[]
536;Mechaleon;Monster;94412545;30;Reptile;Neptune;Saturn;2;800;600;[]
537;Mega Thunderball;Monster;21817254;30;Thunder;Pluto;Mercury;2;750;600;[]
538;Niwatori;Monster;07805359;40;Winged Beast;Jupiter;Venus;3;900;800;[]
539;Corroding Shark;Monster;34290067;45;Zombie;Moon;Pluto;3;110;700;[]
540;Skelengel;Monster;60694662;30;Fairy;Sun;Pluto;2;900;400;[Special-A]
541;Hane-Hane;Monster;07089711;999,999;Beast;Saturn;Pluto;2;450;500;[]
542;Misairuzame;Monster;33178416;200;Fish;Neptune;Sun;5;1400;1600;[]
543;Tongyo;Monster;800;69572024;;Fish;Neptune;0;4;1350;[]
544;Dharma Cannon;Monster;96967123;30;Machine;Moon;Mercury;2;900;500;[]
545;Skelgon;Monster;32355828;999,999;Zombie;Moon;Pluto;6;1700;1900;[Dragon]
546;Wow Warrior;Monster;69750536;60;Fish;Neptune;Mars;4;1250;900;[]
547;Griggle;Monster;95744531;15;Plant;Jupiter;Mercury;1;350;300;[]
548;Bone Mouse;Monster;21239280;15;Zombie;Moon;Pluto;1;400;300;[]
549;Frog the Jam;Monster;68638985;25;Aqua;Neptune;Jupiter;2;700;500;[]
550;Behegon;Monster;94022093;80;Aqua;Neptune;Saturn;4;1350;1000;[]
551;Dark Elf;Monster;21417692;160;Spellcaster;Mercury;Jupiter;4;2000;800;[Dark Magic, Dark Spellcaster, Elf, Female]
552;Winged Dragon #2;Monster;57405307;70;Winged Beast;Saturn;Neptune;4;1200;1000;[]
553;Mushroom Man #2;Monster;93900406;55;Warrior;Jupiter;Uranus;3;1250;800;[]
554;Lava Battleguard;Monster;20394040;999,999;Warrior;Mercury;Mars;5;1550;1800;[]
555;Tyhone #2;Monster;56789759;999,999;Dragon;Mars;Uranus;6;1700;1900;[]
556;The Wandering Doomed;Monster;93788854;30;Zombie;Moon;Pluto;2;800;600;[]
557;Steel Ogre Grotto #1;Monster;29172562;260;Machine;Moon;Mars;5;1400;1800;[]
558;Pot the Trick;Monster;55567161;20;Rock;Moon;Jupiter;2;400;400;[Jar]
559;Oscillo Hero;Monster;82065276;50;Warrior;Venus;Sun;3;1250;700;[]
560;Invader from Another Dimension;Monster;28450915;80;Fiend;Venus;Mars;4;950;1400;[]
561;Lesser Dragon;Monster;55444629;70;Dragon;Moon;Saturn;4;1200;1000;[Special-B]
562;Needle Worm;Monster;81843628;999,999;Insect;Jupiter;Pluto;2;750;600;[]
563;Wretched Ghost of the Attic;Monster;17238333;20;Fiend;Mercury;Uranus;2;550;400;[Dark Magic]
564;Great Mammoth of Goldfine;Monster;54622031;800;Zombie;Moon;Pluto;6;2200;1800;[]
565;Man-eating Black Shark;Monster;80727036;320;Fish;Neptune;Sun;5;2100;1300;[]
566;Yormungarde;Monster;17115745;60;Reptile;Neptune;Moon;3;1200;900;[]
567;Darkworld Thorns;Monster;43500484;60;Plant;Moon;Jupiter;3;1200;900;[]
568;Anthrosaurus;Monster;89904598;45;Dinosaur;Uranus;Moon;3;1000;850;[]
569;Drooling Lizard;Monster;16353197;40;Reptile;Neptune;Venus;3;900;800;[]
570;Trakadon;Monster;42348802;60;Dinosaur;Uranus;Venus;3;1300;800;[]
571;B. Dragon Jungle King;Monster;89832901;999,999;Dragon;Jupiter;Neptune;6;2100;1800;[]
572;Empress Judge;Monster;15237615;500;Warrior;Uranus;Venus;6;2100;1700;[Female]
573;Little D;Monster;42625254;45;Dinosaur;Uranus;Mercury;3;1100;700;[]
574;Witch of the Black Forest;Monster;78010363;80;Spellcaster;Mercury;Pluto;4;1100;1200;[Female]
575;Ancient One of the Deep Forest;Monster;14015067;1,000;Beast;Jupiter;Sun;6;1800;1900;[Animal]
576;Giant Scorpion of the Tundra;Monster;41403766;60;Insect;Jupiter;Moon;3;1100;1000;[]
577;Crow Goblin;Monster;77998771;320;Winged Beast;Saturn;Mars;5;1850;1600;[]
578;Leo Wizard;Monster;04392470;100;Spellcaster;Mercury;Neptune;5;1350;1200;[Dark Magic, Dark Spellcaster]
579;Abyss Flower;Monster;40387124;25;Plant;Jupiter;Venus;2;750;400;[]
580;Patrol Robo;Monster;76775123;55;Machine;Moon;Uranus;3;1100;1900;[]
581;Takuhee;Monster;03170832;120;Winged Beast;Saturn;Sun;4;1450;1000;[Special-D]
582;Dark Witch;Monster;35565537;350;Fairy;Sun;Neptune;5;1800;1700;[Female, Special-A]
583;Weather Report;Monster;72053645;120;Aqua;Neptune;Mercury;4;950;1500;[]
584;Binding Chain;Monster;08058240;60;Fairy;Sun;Venus;3;1000;1100;[]
585;Mechanical Snail;Monster;34442949;45;Machine;Moon;Neptune;3;800;1000;[]
586;Greenkappa;Monster;61831093;30;Warrior;Moon;Mercury;3;650;900;[]
587;Mon Larvas;Monster;07225792;140;Beast;Jupiter;Mercury;4;1300;1400;[]
588;Living Vase;Monster;34320307;55;Plant;Jupiter;Uranus;3;900;1100;[]
589;Tentacle Plant;Monster;60715406;25;Plant;Jupiter;Pluto;2;500;600;[]
590;Beaked Snake;Monster;06103114;40;Reptile;Neptune;Jupiter;3;800;900;[]
591;Morphing Jar;Monster;33508719;30;Rock;Uranus;Neptune;2;700;600;[Jar]
592;Muse-A;Monster;69992868;40;Fairy;Sun;Mars;3;850;900;[Female]
593;Giant Turtle Who Feeds on Flames;Monster;96981563;260;Aqua;Neptune;Mars;5;1400;1800;[Turtle]
594;Rose Spectre of Dunn;Monster;32485271;500;Plant;Moon;Jupiter;6;2000;1800;[Female]
595;Fiend Refrection #1;Monster;68870276;140;Winged Beast;Venus;Jupiter;4;1300;1400;[]
596;Ghoul with an Appetite;Monster;95265975;160;Zombie;Moon;Pluto;4;1600;1200;[]
597;Pale Beast;Monster;21263083;140;Beast;Jupiter;Neptune;4;1500;1200;[]
598;Little Chimera;Monster;68658728;25;Beast;Saturn;Moon;2;600;550;[Animal]
599;Violent Rain;Monster;94042337;80;Aqua;Neptune;Mercury;4;1550;800;[]
600;Key Mace #2;Monster;20541432;70;Fiend;Mercury;Moon;4;1050;1200;[]
601;Tenderness;Monster;57935140;60;Fairy;Sun;Jupiter;3;700;1400;[Special-A, Special-C]
602;Penguin Soldier;Monster;93920745;25;Aqua;Neptune;Mars;2;750;500;[]
603;Fairy Dragon;Monster;20315854;999,999;Dragon;Sun;Saturn;4;1100;1200;[]
604;Obese Marmot of Nefariousness;Monster;56713552;30;Beast;Moon;Mars;3;750;800;[Animal, Special-B]
605;Liquid Beast;Monster;93108297;40;Aqua;Neptune;Saturn;3;950;800;[]
606;Twin Long Rods #2;Monster;29692206;30;Aqua;Neptune;Sun;3;850;700;[]
607;Great Bill;Monster;55691901;100;Beast;Jupiter;Sun;4;1250;1300;[]
608;Shining Friendship;Monster;82085619;120;Fairy;Sun;Uranus;4;1300;1100;[Special-A]
609;Bladefly;Monster;28470714;30;Insect;Jupiter;Moon;2;600;700;[]
610;Electric Lizard;Monster;55875323;35;Thunder;Pluto;Sun;3;850;800;[]
611;Hiro's Shadow Scout;Monster;81863068;25;Fiend;Moon;Saturn;2;650;500;[Special-B]
612;Lady of Faith;Monster;17358176;50;Spellcaster;Sun;Pluto;3;1100;800;[Female]
613;Twin-headed Thunder Dragon;Monster;54752875;1,900;Thunder;Pluto;Moon;7;2800;2100;[Dragon]
614;Hunter Spider;Monster;80141480;200;Insect;Jupiter;Venus;5;1600;1400;[]
615;Armored Starfish;Monster;17535588;70;Aqua;Neptune;Moon;4;850;1400;[]
616;Hourglass of Courage;Monster;43530283;80;Fairy;Sun;Neptune;4;1100;1200;[]
617;Marine Beast;Monster;29929832;290;Fish;Neptune;Mercury;5;1700;1600;[]
618;Warrior of Tradition;Monster;56413937;400;Warrior;Mercury;Mars;6;1900;1700;[Female]
619;Rock Spirit;Monster;82818645;350;Spellcaster;Uranus;Mars;5;1650;1900;[]
620;Snakeyashi;Monster;29802344;70;Plant;Jupiter;Mercury;4;1000;1200;[]
621;Succubus Knight;Monster;55291359;180;Warrior;Mercury;Jupiter;5;1650;1300;[Female]
622;Ill Witch;Monster;81686058;230;Spellcaster;Sun;Venus;5;1600;1500;[Female]
623;The Thing That Hides In the Mud;Monster;18180762;100;Rock;Uranus;Jupiter;4;1200;1300;[]
624;High Tide Gyojin;Monster;54579801;180;Aqua;Neptune;Mercury;5;1650;1300;[]
625;Fairy of the Fountain;Monster;81563416;140;Aqua;Neptune;Venus;4;1600;1100;[]
626;Amazon of the Seas;Monster;17968114;140;Fish;Neptune;Mars;4;1300;1400;[Female]
627;Nekogal #2;Monster;43352213;550;Beast-Warrior;Jupiter;Uranus;6;1900;2000;[Female]
628;Witch's Apprentice;Monster;80741828;999,999;Spellcaster;Mercury;Saturn;2;550;500;[Female]
629;Armored Rat;Monster;16246527;55;Beast;Jupiter;Pluto;3;950;1100;[Animal]
630;Ancient Lizard Warrior;Monster;43230671;100;Reptile;Neptune;Saturn;4;1400;1100;[]
631;Maiden of the Moonlight;Monster;79629370;160;Spellcaster;Moon;Venus;4;1500;1300;[Female]
632;Stone Ogre Grotto;Monster;15023985;230;Rock;Uranus;Sun;5;1600;1500;[]
633;Winged Egg of New Life;Monster;42418084;230;Fairy;Sun;Mars;5;1400;1700;[]
634;Night Lizard;Monster;78402798;120;Aqua;Neptune;Jupiter;4;1150;1300;[]
635;Queen's Double;Monster;05901497;15;Warrior;Uranus;Moon;1;350;300;[Female]
636;Blue-winged Crown;Monster;41396436;160;Winged Beast;Saturn;Venus;4;1600;1200;[Special-D]
637;Trent;Monster;78780140;290;Plant;Jupiter;Sun;6;1500;1800;[]
638;Queen of Autumn Leaves;Monster;04179849;290;Plant;Jupiter;Moon;5;1800;1500;[Female]
639;Amphibious Bugroth;Monster;40173854;230;Aqua;Neptune;Sun;5;1850;1300;[]
640;Acid Crawler;Monster;77568553;999,999;Insect;Jupiter;Venus;3;900;700;[]
641;Invader of the Throne;Monster;03056267;200;Warrior;Uranus;Venus;5;1350;1700;[Female]
642;Mystical Sheep #1;Monster;30451366;55;Beast;Venus;Saturn;3;1150;900;[Animal]
643;Disk Magician;Monster;76446915;80;Machine;Moon;Uranus;4;1350;1000;[]
644;Flame Viper;Monster;02830619;20;Pyro;Mars;Pluto;2;400;450;[]
645;Royal Guard;Monster;39239728;700;Machine;Uranus;Mercury;6;1900;2200;[]
646;Gruesome Goo;Monster;65623423;55;Aqua;Neptune;Moon;3;1300;700;[]
647;Hyosube;Monster;02118022;120;Aqua;Neptune;Venus;4;1500;900;[]
648;Machine Attacker;Monster;38116136;180;Machine;Moon;Neptune;5;1600;1300;[]
649;Hibikime;Monster;64501875;120;Warrior;Mercury;Uranus;4;1450;1000;[Female]
650;Whiptail Crow;Monster;91996584;260;Fiend;Moon;Mercury;5;1650;1600;[]
651;Kunai with Chain;Equip;37390589;800
652;Magical Labyrinth;Equip;64389297;10
653;Warrior Elimination;Magic;90873992;999,999
654;Salamandra;Equip;32268901;800
655;Cursebreaker;Magic;19159413;10
656;Eternal Rest;Magic;95051344;999,999
657;Megamorph;Equip;22046459;50,000
658;Metalmorph;Equip;68540058;999,999
659;Winged Trumpeter;Equip;94939166;800
660;Stain Storm;Magic;21323861;999,999
661;Crush Card;Magic;57728570;999,999
662;Eradicating Aerosol;Magic;94716515;999,999
663;Breath of Light;Magic;20101223;999,999
664;Eternal Draught;Magic;56606928;999,999
665;Curse of Millennium Shield;Ritual;83094937;10
666;Yamadron Ritual;Ritual;29089635;10
667;Gate Guardian Ritual;Ritual;56483330;999,999
668;Bright Castle;Equip;82878489;800
669;Shadow Spell;Magic;29267084;999,999
670;Black Luster Ritual;Ritual;55761792;100
671;Zera Ritual;Ritual;81756897;100
672;Harpie's Feather Duster;Magic;18144506;999,999
673;War-lion Ritual;Ritual;54539105;100
674;Beastry Mirror Ritual;Ritual;81933259;100
675;Ultimate Dragon;Ritual;17928958;999,999
676;Commencement Dance;Ritual;43417563;50
677;Hamburger Recipe;Ritual;80811661;50
678;Revival of Sennen Genjin;Ritual;16206366;50
679;Novox's Prayer;Ritual;43694075;50
680;Curse of Tri-Horned Dragon;Ritual;79699070;50
681;House of Adhesive Tape;Trap;15083728;999,999
682;Eatgaboon;Trap;42578427;999,999
683;Bear Trap;Trap;78977532;999,999
684;Invisible Wire;Trap;15361130;999,999
685;Acid Trap Hole;Trap;41356845;999,999
686;Widespread Ruin;Trap;77754944;999,999
687;Goblin Fan;Trap;04149689;999,999
688;Bad Reaction to Simochi;Trap;40633297;999,999
689;Reverse Trap;Trap;77622396;999,999
690;Fake Trap;Trap;03027001;999,999
691;Revived of Serpent Night Dragon;Ritual;39411600;50
692;Turtle Oath;Ritual;76806714;100
693;Contruct of Mask;Ritual;02304453;100
694;Resurrection of Chakra;Ritual;39399168;100
695;Puppet Ritual;Ritual;05783166;50
696;Javelin Beetle Pact;Ritual;41182875;999,999
697;Garma Sword Oath;Ritual;78577570;50
698;Cosmo Queen's Prayer;Ritual;04561679;50
699;Revival of Skeleton Rider;Ritual;31066283;10
700;Fortress Whale's Oath;Ritual;77454922;10
701;Performance of Sword;Monster;No Password;No Cost;Warrior;Sun;Saturn;6;1950;1850;[]
702;Hungry Burger;Monster;No Password;No Cost;Warrior;Moon;Mars;6;2000;1800;[]
703;Sengenjin;Monster;No Password;No Cost;Beast-Warrior;Jupiter;Mercury;8;2750;2500;[]
704;Skull Guardian;Monster;No Password;No Cost;Warrior;Sun;Jupiter;7;2050;2500;[]
705;Tri-horned Dragon;Monster;No Password;No Cost;Dragon;Moon;Jupiter;8;2850;2350;[]
706;Serpent Night Dragon;Monster;No Password;No Cost;Dragon;Mercury;Pluto;7;2350;2400;[]
707;Skull Knight;Monster;02504891;999,999;Spellcaster;Mercury;Neptune;7;2650;2250;[]
708;Cosmo Queen;Monster;No Password;No Cost;Spellcaster;Venus;Uranus;8;2900;2450;[Female]
709;Chakra;Monster;No Password;No Cost;Fiend;Mercury;Moon;8;2450;2000;[]
710;Crab Turtle;Monster;No Password;No Cost;Aqua;Neptune;Jupiter;8;2550;2500;[Turtle]
711;Mikazukinoyaiba;Monster;38277918;999,999;Dragon;Sun;Uranus;7;2200;2350;[]
712;Meteor Dragon;Monster;64271667;999,999;Dragon;Uranus;Neptune;6;1800;2000;[]
713;Meteor B. Dragon;Monster;No Password;No Cost;Dragon;Mars;Sun;8;3500;2000;[]
714;Firewing Pegasus;Monster;27054370;999,999;Beast;Mars;Moon;6;2250;1800;[]
715;Psycho-Puppet;Monster;No Password;No Cost;Fiend;Moon;Saturn;7;2000;2350;[]
716;Garma Sword;Monster;No Password;No Cost;Warrior;Moon;Uranus;7;2550;2150;[]
717;Javelin Beetle;Monster;No Password;No Cost;Insect;Jupiter;Uranus;8;2450;2550;[]
718;Fortress Whale;Monster;No Password;No Cost;Fish;Neptune;Saturn;8;2350;2150;[]
719;Dokurorider;Monster;No Password;No Cost;Zombie;Uranus;Mars;6;1900;1850;[]
720;Mask of Shine & Dark;Monster;No Password;No Cost;Spellcaster;Venus;Pluto;6;2000;1800;[]
721;Dark Magic Ritual;Ritual;No Password;No Cost
722;Magician of Black Chaos;Monster;No Password;No Cost;Spellcaster;Mercury;Mars;8;2800;2600;[]
